twitter_handle,twitter_url,vibeloft_username,vibeloft_nickname,posts_count,followers_count,following_count,product_count,primary_product_name,location,vibeloft_profile_url,updated_at
chunxiangai,https://x.com/chunxiangai,chunxiangai,赵纯想,66,251,20,2,Laper,武汉,https://vibeloft.ai/profile/chunxiangai,2026-07-21T10:19:44.613265Z
avenger,https://x.com/avenger,bolechen,Bole,44,84,11,4,Zen · 净心禅堂,Wuhan,https://vibeloft.ai/profile/bolechen,2026-07-21T10:14:44.599736Z
ios_1261142602,https://x.com/ios_1261142602,xlsunshinelx,x L (sunshineLx),5,41,37,5,EasyX,,https://vibeloft.ai/profile/xlsunshinelx,2026-07-20T08:25:07.722542Z
wuyuandev,https://x.com/wuyuandev,wuyuan,孙悟元,11,40,5,7,零猫社区,CN,https://vibeloft.ai/profile/wuyuan,2026-07-18T10:30:22.387431Z
KajianD65580,https://x.com/KajianD65580,kajiandu,kajian du,9,33,5,4,kajian个人主页,,https://vibeloft.ai/profile/kajiandu,2026-07-21T09:54:44.616713Z
kira_kamo_ne,https://x.com/kira_kamo_ne,kira,Kira,2,25,5,2,YOKAI.JP,Tokyo,https://vibeloft.ai/profile/kira,2026-07-21T10:19:44.613265Z
benshandebiao,https://x.com/benshandebiao,userbb4cc8af,本山德彪,7,24,8,11,乡土游戏馆,,https://vibeloft.ai/profile/userbb4cc8af,2026-07-21T10:19:44.613265Z
ezshine,https://x.com/ezshine,ezshine,大帅,7,22,5,10,GGEMU怀旧游戏网站,,https://vibeloft.ai/profile/ezshine,2026-07-21T10:19:44.613265Z
ZaynHao,https://x.com/ZaynHao,zaynhao,Zayn Hao,3,20,4,2,Minttr,Beijing,https://vibeloft.ai/profile/zaynhao,2026-07-21T10:09:44.595668Z
thejoven_com,https://x.com/thejoven_com,thejovenelizaos,thejoven - ElizaOS,29,17,15,1,知命 - 人生指南,深圳,https://vibeloft.ai/profile/thejovenelizaos,2026-07-21T09:39:44.60394Z
leon7hao,https://x.com/leon7hao,leon7hao,leon7hao,5,17,16,1,Lody,,https://vibeloft.ai/profile/leon7hao,2026-07-21T05:56:57.267376Z
limbopeng,https://x.com/limbopeng,limbo,Limbo,3,16,5,1,面面Agent,北京,https://vibeloft.ai/profile/limbo,2026-07-20T08:43:45.140868Z
zhulin014,https://x.com/zhulin014,user9a8bea08,哈里里,3,13,8,10,Codex 复古QQ 皮肤,,https://vibeloft.ai/profile/user9a8bea08,2026-07-21T08:59:44.583529Z
HeyHuazi,https://x.com/HeyHuazi,huazi,Huazi,9,12,10,6,Rive.Cool,南京,https://vibeloft.ai/profile/huazi,2026-07-21T10:19:44.613265Z
wangdouglas,https://x.com/wangdouglas,wangdouglas,Roki,5,11,5,5,seede.ai,,https://vibeloft.ai/profile/wangdouglas,2026-07-19T10:39:44.596526Z
leexinq,https://x.com/leexinq,leo3,Leo,2,8,19,5,Enote,,https://vibeloft.ai/profile/leo3,2026-07-20T15:14:44.610256Z
timtimtim_eth,https://x.com/timtimtim_eth,timtimtim,timtimtim,1,8,5,1,Creader,,https://vibeloft.ai/profile/timtimtim,2026-07-20T09:18:34.213982Z
alifeiliu,https://x.com/alifeiliu,liufei,飞流,12,7,4,2,Tokenscope,Mars,https://vibeloft.ai/profile/liufei,2026-07-21T01:09:44.632664Z
discountifu,https://x.com/discountifu,userb9e84d60,大梦想家迪士尼,1,7,5,1,RitMEX,,https://vibeloft.ai/profile/userb9e84d60,2026-07-21T08:39:44.655239Z
AirboZH,https://x.com/AirboZH,airbozh,二薄,24,6,12,3,酒迹 - 精酿手帐,北京,https://vibeloft.ai/profile/airbozh,2026-07-21T09:44:44.591241Z
junxi_song,https://x.com/junxi_song,junxi,Junxi,11,6,7,1,Crewargo,硅谷,https://vibeloft.ai/profile/junxi,2026-07-21T10:14:44.599736Z
areahao,https://x.com/areahao,fivehow,FiveHow,2,6,8,5,Now,上海,https://vibeloft.ai/profile/fivehow,2026-07-19T15:35:31.346729Z
SeanXunWong,https://x.com/SeanXunWong,seanwong,Sean Wong,2,6,9,2,ScreenLex,广州,https://vibeloft.ai/profile/seanwong,2026-07-21T01:24:44.678737Z
Kubai087,https://x.com/Kubai087,kubai087,枯白啃设计,0,6,0,1,Lumno,深圳,https://vibeloft.ai/profile/kubai087,2026-07-21T06:49:44.64295Z
ducai_c137,https://x.com/ducai_c137,ditto,ditto,2,5,7,1,travoices,,https://vibeloft.ai/profile/ditto,2026-07-21T02:29:44.583949Z
wey_gu,https://x.com/wey_gu,siwei,古思为,2,5,4,1,Nowledge Mem,,https://vibeloft.ai/profile/siwei,2026-07-21T10:09:44.595668Z
haxfenx,https://x.com/haxfenx,fenx,fenx,1,5,0,3,Design Fragments,,https://vibeloft.ai/profile/fenx,2026-07-21T05:14:44.603261Z
chibinya_,https://x.com/chibinya_,boycechi,Chi,13,4,9,1,Uibook,,https://vibeloft.ai/profile/boycechi,2026-07-21T09:04:44.601134Z
thetimothylau,https://x.com/thetimothylau,timothylau,Timothy Lau,8,4,5,1,Openbroca - 放弃打字的开始,Beijing,https://vibeloft.ai/profile/timothylau,2026-07-21T08:04:44.625951Z
DevJohnWayne,https://x.com/DevJohnWayne,user5bc5f8dc,John Wayne,5,4,5,4,ShipSwift,,https://vibeloft.ai/profile/user5bc5f8dc,2026-07-21T09:29:44.590511Z
HeiHeiKai,https://x.com/HeiHeiKai,justin,Justin,3,4,5,1,KaCa翻译,苏州,https://vibeloft.ai/profile/justin,2026-07-21T06:38:12.557235Z
HackerMeta,https://x.com/HackerMeta,bewords,BeWords,0,4,5,1,SwiftBiu,武汉,https://vibeloft.ai/profile/bewords,2026-07-21T00:19:44.636751Z
AllRichRich,https://x.com/AllRichRich,richquan,Rich Quan,12,3,5,3,usAIge,Singapore?,https://vibeloft.ai/profile/richquan,2026-07-21T08:04:44.625951Z
_xiaobaiw,https://x.com/_xiaobaiw,white,小白同学,5,3,6,1,Rhythm Word｜语境背单词,,https://vibeloft.ai/profile/white,2026-07-21T08:39:44.655239Z
zzjoey_,https://x.com/zzjoey_,joeyzhu,Joey Zhu,3,3,5,1,Motionflare,,https://vibeloft.ai/profile/joeyzhu,2026-07-21T09:49:22.698978Z
DeRyckNth,https://x.com/DeRyckNth,deryckderyckn,Deryck (DeRyckn),1,3,6,1,Resomark,,https://vibeloft.ai/profile/deryckderyckn,2026-07-17T16:55:38.813309Z
drmrzhong,https://x.com/drmrzhong,drmrzhong,AI设计钟师傅,1,3,6,1,WebtoMind,深圳,https://vibeloft.ai/profile/drmrzhong,2026-07-21T10:09:44.595668Z
isacedx,https://x.com/isacedx,isaced,isaced,1,3,5,1,VRenamer,重庆,https://vibeloft.ai/profile/isaced,2026-07-17T16:55:38.813309Z
DbgKinggg,https://x.com/DbgKinggg,sammie,Sammie 逗比国国王,1,3,7,1,Qoory AI,,https://vibeloft.ai/profile/sammie,2026-07-17T16:55:38.813309Z
feiji55,https://x.com/feiji55,oosvg,非机,21,2,15,6,curvioo 花体生成器,广东,https://vibeloft.ai/profile/oosvg,2026-07-21T09:14:44.594794Z
GhostCa16861041,https://x.com/GhostCa16861041,louis,Louis,13,2,7,1,Tesla Wrap Design,杭州,https://vibeloft.ai/profile/louis,2026-07-21T10:09:44.595668Z
xiuerold,https://x.com/xiuerold,xiuerold,XiuerOld,5,2,5,1,独立开发集市,,https://vibeloft.ai/profile/xiuerold,2026-07-21T10:20:03.033321Z
jiacheng_w4ng,https://x.com/jiacheng_w4ng,jasonwang,Jason Wang,2,2,1,1,RockFocus,,https://vibeloft.ai/profile/jasonwang,2026-07-18T10:14:25.257984Z
YoYo_404_,https://x.com/YoYo_404_,sameral,Sameral,2,2,5,1,Nexus Shell,上海,https://vibeloft.ai/profile/sameral,2026-07-21T06:04:44.641701Z
keva7in,https://x.com/keva7in,win98,win98,2,2,5,1,Lofi Music,Shenzhen,https://vibeloft.ai/profile/win98,2026-07-21T10:15:59.241219Z
LuffyDaxia,https://x.com/LuffyDaxia,luffy,大侠Luffy,1,2,0,1,ClipSeek,,https://vibeloft.ai/profile/luffy,2026-07-21T10:19:44.613265Z
heyshigeru,https://x.com/heyshigeru,shigeru,Shigeru,1,2,0,1,OGee,,https://vibeloft.ai/profile/shigeru,2026-07-20T11:26:45.609856Z
hellsign,https://x.com/hellsign,wangguania,王大力,1,2,6,1,开口拍-AI提词器,Beijing,https://vibeloft.ai/profile/wangguania,2026-07-21T09:29:44.590511Z
flygoly,https://x.com/flygoly,flygoly,flygoly,0,2,9,1,rootfont,"Shenzhen, China",https://vibeloft.ai/profile/flygoly,2026-07-21T04:24:44.592564Z
Miaoooo000,https://x.com/Miaoooo000,miao,miao,0,2,5,1,Xingjuan,,https://vibeloft.ai/profile/miao,2026-07-21T09:24:44.590734Z
yishanll,https://x.com/yishanll,yishan,Yishan,0,2,5,1,Pokéji,南宁,https://vibeloft.ai/profile/yishan,2026-07-20T16:15:11.737692Z
vpszk,https://x.com/vpszk,user8a66d319,kael,5,1,7,1,Codep-AI等待时间背单词,,https://vibeloft.ai/profile/user8a66d319,2026-07-20T05:34:08.844669Z
wenyuanw_,https://x.com/wenyuanw_,wenyuanw,wenyuan,2,1,7,1,A 股市场热力图,Canton,https://vibeloft.ai/profile/wenyuanw,2026-07-21T10:09:44.595668Z
wang3an,https://x.com/wang3an,williamwanghui,William Wanghui,2,1,0,1,Glidelines,Japan,https://vibeloft.ai/profile/williamwanghui,2026-07-20T08:19:41.740204Z
ZHENGWOOK,https://x.com/ZHENGWOOK,Wook,Wook,2,1,7,1,Airesearch,大理,https://vibeloft.ai/profile/Wook,2026-07-21T00:04:44.612354Z
daijie,https://x.com/daijie,chieh,Chieh,1,1,1,2,茶光词本,Hangzhou,https://vibeloft.ai/profile/chieh,2026-07-21T09:09:44.598965Z
ericoding99,https://x.com/ericoding99,ericoding00,Eric|晓峰,1,1,1,0,,Shanghai,https://vibeloft.ai/profile/ericoding00,2026-07-17T16:55:38.813309Z
seekjourney,https://x.com/seekjourney,geekjourney,极客杰尼,1,1,0,0,,beijing,https://vibeloft.ai/profile/geekjourney,2026-07-21T02:29:44.583949Z
kshift,https://x.com/kshift,kshift,kshift,1,1,0,1,萤录 RayTally,,https://vibeloft.ai/profile/kshift,2026-07-20T09:28:46.010276Z
yekk_me,https://x.com/yekk_me,yekk,yekk,1,1,1,1,Mytess,,https://vibeloft.ai/profile/yekk,2026-07-21T05:29:44.602126Z
noobnooc,https://x.com/noobnooc,apple,Nooc,0,1,6,0,,,https://vibeloft.ai/profile/apple,2026-07-17T16:55:38.813309Z
deepbluuest,https://x.com/deepbluuest,bluuedeep,bluue deep,0,1,6,2,Catmark,,https://vibeloft.ai/profile/bluuedeep,2026-07-19T03:40:51.161637Z
BOYSOcn,https://x.com/BOYSOcn,BOYSO,BOYSO,0,1,1,1,100BackLinks,,https://vibeloft.ai/profile/BOYSO,2026-07-21T00:04:44.612354Z
oopserian,https://x.com/oopserian,erian,Erian,0,1,1,0,,,https://vibeloft.ai/profile/erian,2026-07-17T16:55:38.813309Z
evanlong_me,https://x.com/evanlong_me,evanlong,Evan Long,0,1,0,1,ObixHub,,https://vibeloft.ai/profile/evanlong,2026-07-18T16:39:25.273824Z
heichenya,https://x.com/heichenya,heichenya,Heichen,0,1,0,0,,,https://vibeloft.ai/profile/heichenya,2026-07-18T16:39:25.273824Z
jaywcjlove,https://x.com/jaywcjlove,jiang,Kenny Wang,0,1,0,1,Iconize Folder,,https://vibeloft.ai/profile/jiang,2026-07-17T16:55:38.813309Z
pavlova233,https://x.com/pavlova233,pavlova,Pavlova,0,1,1,1,个人提问箱,Gensokyo,https://vibeloft.ai/profile/pavlova,2026-07-17T16:55:38.813309Z
pennlm,https://x.com/pennlm,pennlam,Penn Lam,0,1,0,0,,北京,https://vibeloft.ai/profile/pennlam,2026-07-17T16:55:38.813309Z
weijunext,https://x.com/weijunext,weijunext,weijunext,0,1,6,1,NEXTY.DEV,,https://vibeloft.ai/profile/weijunext,2026-07-18T16:34:25.243174Z
shi_jinwei,https://x.com/shi_jinwei,whenever,whenever-不可兼容,0,1,2,2,Refacet,,https://vibeloft.ai/profile/whenever,2026-07-20T10:49:05.854476Z
xbyeval,https://x.com/xbyeval,byeval,byeval,2,0,1,0,,,https://vibeloft.ai/profile/byeval,2026-07-21T03:20:59.302449Z
zachary_haha,https://x.com/zachary_haha,yangzhang,Yang Zhang,0,0,0,1,Agent Company,New York,https://vibeloft.ai/profile/yangzhang,2026-07-20T12:33:12.358993Z
